,method,observation_sequence,n_states,time,log_prob
0,bw_only,0,2,0.24380170000949875,-8.570437705938744
1,ga_and_bw,0,2,8.587123700010125,-8.57043770593506
2,random_only,0,2,3.8930750000290573,-11.816151078025714
3,ga_only,0,2,8.737015099963173,-8.852319822387118
4,bw_only,1,2,0.0011919999960809946,-6.148163452301997
5,ga_and_bw,1,2,5.243759400036652,-6.140567726008329
6,random_only,1,2,0.03592570003820583,-7.102118535371996
7,ga_only,1,2,5.094906400016043,-6.224032468983976
8,bw_only,2,2,0.0005189000512473285,-14.996568348341924
9,ga_and_bw,2,2,6.296093100041617,-9.95673206705494
10,random_only,2,2,0.0003038999857380986,-20.17139869794433
11,ga_only,2,2,6.2292601999943145,-10.929907704109958
12,bw_only,3,2,0.0005043999990448356,-6.25256481231671
13,ga_and_bw,3,2,5.319172300049104,-6.25256481231671
14,random_only,3,2,0.00030610000248998404,-9.563657995463867
15,ga_only,3,2,5.257457900035661,-6.433075742743627
16,bw_only,4,2,0.0007795999990776181,-6.068425588245211
17,ga_and_bw,4,2,5.268443199980538,-6.068425588244111
18,random_only,4,2,0.0004267999902367592,-11.371972253158773
19,ga_only,4,2,5.2103975000209175,-6.290430025580389
20,bw_only,5,2,0.000596800004132092,-7.523941418405984
21,ga_and_bw,5,2,4.981530299992301,-7.523941418405954
22,random_only,5,2,0.0003425999893806875,-17.930110329928574
23,ga_only,5,2,4.866270500002429,-7.916279131554615
24,bw_only,6,2,0.0006489999941550195,-12.548474486073324
25,ga_and_bw,6,2,5.796440200007055,-10.394547258908217
26,random_only,6,2,0.0004251999780535698,-15.850469514944761
27,ga_only,6,2,5.215350000013132,-10.751744649311341
28,bw_only,7,2,0.0005040999967604876,-14.31784110950647
29,ga_and_bw,7,2,6.412295299989637,-14.317841042444442
30,random_only,7,2,0.0001742999884299934,-32.20209613041013
31,ga_only,7,2,6.211903500021435,-14.901681355047424
32,bw_only,8,2,0.00043180002830922604,-2.249340578475233
33,ga_and_bw,8,2,5.130010600027163,-2.249340578475233
34,random_only,8,2,0.033256900031119585,-5.429953048076866
35,ga_only,8,2,4.822851400007494,-2.5507714443490834
36,bw_only,9,2,0.0005285999504849315,-18.385555091113233
37,ga_and_bw,9,2,7.230614500003867,-18.385501595226348
38,random_only,9,2,0.0008532999781891704,-46.75583833248592
39,ga_only,9,2,7.265864100016188,-18.783954160605703
40,bw_only,0,3,0.0005386999691836536,-6.408223661834905
41,ga_and_bw,0,3,8.51907450001454,-5.614398913521533
42,random_only,0,3,0.00017099996330216527,-15.453818404423087
43,ga_only,0,3,8.599232099950314,-6.843533223837064
44,bw_only,1,3,0.0005896999500691891,-4.581453659504386
45,ga_and_bw,1,3,7.347272599989083,-4.751551906687566
46,random_only,1,3,0.00033140002051368356,-9.183107589403809
47,ga_only,1,3,7.366066500020679,-5.035865330130605
48,bw_only,2,3,0.0006575000006705523,-8.317766166719343
49,ga_and_bw,2,3,9.2986359000206,-9.433483923290392
50,random_only,2,3,0.00021580001339316368,-27.65450034746876
51,ga_only,2,3,9.168025700026192,-10.442972756006187
52,bw_only,3,3,0.000630199967417866,-6.3338063139340175
53,ga_and_bw,3,3,7.502107099979185,-5.20537941050716
54,random_only,3,3,0.00022280000848695636,-10.783170328741816
55,ga_only,3,3,8.465371400001459,-5.929568930473031
56,bw_only,4,3,0.0004836000152863562,-3.819085009768877
57,ga_and_bw,4,3,8.483982499979902,-5.37527840773019
58,random_only,4,3,0.00013190001482143998,-11.388861945260416
59,ga_only,4,3,8.503990099998191,-4.642347457376868
60,bw_only,5,3,0.0006784999859519303,0.0
61,ga_and_bw,5,3,8.126051600032952,0.0
62,random_only,5,3,0.00024690001737326384,-11.325998050954539
63,ga_only,5,3,7.901634500012733,-1.5187476234079267
64,bw_only,6,3,0.0006577999447472394,-9.726902479521808
65,ga_and_bw,6,3,8.282161499955691,-7.4547199493640015
66,random_only,6,3,0.00014560000272467732,-12.574935684401757
67,ga_only,6,3,8.411247099982575,-9.127952118266245
68,bw_only,7,3,0.006692300026770681,-11.27380495970677
69,ga_and_bw,7,3,8.859058600035496,-10.4799802108195
70,random_only,7,3,0.00018019997514784336,-17.96898450313667
71,ga_only,7,3,8.447472099971492,-11.288296631788937
72,bw_only,8,3,0.0005099999834783375,-2.2493405792092687
73,ga_and_bw,8,3,6.983626800007187,-1.6739764335716716
74,random_only,8,3,0.0011125000310130417,-4.885459065303783
75,ga_only,8,3,6.8611489000031725,-2.285787448865711
76,bw_only,9,3,0.0010689999908208847,-16.22630180023312
77,ga_and_bw,9,3,1.2228761999867857,-14.826185918983432
78,random_only,9,3,0.00021739996736869216,-42.075143742153415
79,ga_only,9,3,1.2455337999854237,-16.15735294709764
80,bw_only,0,4,0.0011455999920144677,-6.068726831290776
81,ga_and_bw,0,4,1.2357058000052348,-4.1588830833596715
82,random_only,0,4,0.0002838000073097646,-14.362749126159587
83,ga_only,0,4,1.2134464000118896,-6.7186143500839135
84,bw_only,1,4,0.0006478000432252884,-3.36507140620793
85,ga_and_bw,1,4,9.366224099998362,-3.195193156616296
86,random_only,1,4,0.0002490000333636999,-7.249923738363226
87,ga_only,1,4,9.25985169998603,-3.687295170653178
88,bw_only,2,4,0.0007195000071078539,-6.408223661834906
89,ga_and_bw,2,4,1.2965501999715343,-8.501280121668728
90,random_only,2,4,0.00018839997937902808,-20.148769952411353
91,ga_only,2,4,1.284994599991478,-9.351869590379382
92,bw_only,3,4,0.0005193999968469143,-3.295836866004329
93,ga_and_bw,3,4,1.1777678999933414,-2.7727262187703006
94,random_only,3,4,0.00019019999308511615,-8.762640652189303
95,ga_only,3,4,1.2515749000012875,-4.626389715081588
96,bw_only,4,4,0.0006605999660678208,-3.125937829208933
97,ga_and_bw,4,4,1.2458645000006072,-3.1259378292089313
98,random_only,4,4,0.0001569000305607915,-9.668447131850042
99,ga_only,4,4,1.1444627000018954,-4.724745896738842
100,bw_only,5,4,0.0020727000082843006,7.395570986446986e-32
101,ga_and_bw,5,4,1.2433943999931216,0.0
102,random_only,5,4,0.00017780001508072019,-9.882591775668647
103,ga_only,5,4,1.2478173999697901,-1.3098610335950474
104,bw_only,6,4,0.0006252999883145094,-6.761583579755739
105,ga_and_bw,6,4,1.1983111999579705,-6.068578728285504
106,random_only,6,4,0.00015579996397718787,-13.349661907102544
107,ga_only,6,4,1.2109079000074416,-7.854956011624372
108,bw_only,7,4,0.0007462000357918441,-7.114921875773232
109,ga_and_bw,7,4,1.2513337999698706,-8.57043770593506
110,random_only,7,4,0.0002142000012099743,-19.185796880612585
111,ga_only,7,4,1.1639368000323884,-11.155599779964506
112,bw_only,8,4,0.0005123000009916723,-2.2493405785065717
113,ga_and_bw,8,4,9.442991300020367,-1.1507282898071483
114,random_only,8,4,0.00027350004529580474,-6.18736662034209
115,ga_only,8,4,9.50033180002356,-2.071935717584731
116,bw_only,9,4,0.0007276000105775893,-14.115615153439153
117,ga_and_bw,9,4,1.2933053000015207,-11.61360303272367
118,random_only,9,4,0.0001970999874174595,-30.020107092105096
119,ga_only,9,4,1.2905157000059262,-14.081839427654455
120,bw_only,0,5,0.0006613999721594155,-2.7725887222422645
121,ga_and_bw,0,5,1.320934000017587,-2.773134827817537
122,random_only,0,5,0.000374399998690933,-14.445738928143223
123,ga_only,0,5,1.3338447999558412,-5.471601973562244
124,bw_only,1,5,0.0006861999863758683,-3.365101485101344
125,ga_and_bw,1,5,1.257168099982664,-1.3862943611199385
126,random_only,1,5,0.0001829999964684248,-7.766326014639097
127,ga_only,1,5,1.2590225000167266,-4.095516407928013
128,bw_only,2,5,0.0007534999749623239,-6.408223661834905
129,ga_and_bw,2,5,1.338526500039734,-4.68213122712422
130,random_only,2,5,0.0002614000113680959,-17.759227670557607
131,ga_only,2,5,1.2655216999701224,-7.593743498200001
132,bw_only,3,5,0.0005959999980404973,-2.7729714753634176
133,ga_and_bw,3,5,1.2585507999756373,-4.1588830833596715
134,random_only,3,5,0.00023009994765743613,-8.311092851124679
135,ga_only,3,5,1.2910679999622516,-3.513579074474515
136,bw_only,4,5,0.001888900005724281,-4.1588830833596715
137,ga_and_bw,4,5,1.252349200018216,-1.9095425048844379
138,random_only,4,5,0.00020929996389895678,-14.81068826790211
139,ga_only,4,5,1.2892630000133067,-4.089736250787114
140,bw_only,5,5,0.0006947999936528504,0.0
141,ga_and_bw,5,5,1.2515430999919772,6.661338147750941e-16
142,random_only,5,5,0.00022790004732087255,-9.998033303764915
143,ga_only,5,5,1.2627681999583729,-1.5696400115957552
144,bw_only,6,5,0.0007541000377386808,-5.207424247590194
145,ga_and_bw,6,5,1.2795398000162095,-5.375278561519235
146,random_only,6,5,0.00026350002735853195,-15.837624357336225
147,ga_only,6,5,1.2713902000105008,-7.2648663769968405
148,bw_only,7,5,0.0008025999995879829,-12.208077540191228
149,ga_and_bw,7,5,1.304134799982421,-5.205379370888769
150,random_only,7,5,0.0002899999963119626,-22.045655676374373
151,ga_only,7,5,1.286992300010752,-8.465339376738306
152,bw_only,8,5,0.0006153000285848975,-1.3862943611198906
153,ga_and_bw,8,5,1.2645834000431933,0.0
154,random_only,8,5,0.00020159996347501874,-7.393873974135618
155,ga_only,8,5,1.3662925999960862,-1.4356138942547998
156,bw_only,9,5,0.0008711999980732799,-9.887510598012993
157,ga_and_bw,9,5,1.2513743999879807,-11.090354888959125
158,random_only,9,5,0.00023599999258294702,-34.41820824882437
159,ga_only,9,5,1.3491253000102006,-14.03410364190541
160,bw_only,0,6,0.0007252999930642545,-1.9613654435426748
161,ga_and_bw,0,6,1.395615599991288,-1.3867539318955833
162,random_only,0,6,0.000505999953020364,-16.168997337344095
163,ga_only,0,6,1.3981481000082567,-4.744762967785395
164,bw_only,1,6,0.0008928999886848032,-2.7744756078062203
165,ga_and_bw,1,6,1.3996815999853425,-1.3862943611198926
166,random_only,1,6,0.00047969998558983207,-11.014040189365938
167,ga_only,1,6,1.3507484000292607,-2.8299342919950212
168,bw_only,2,6,0.0009881999576464295,-6.068425588244592
169,ga_and_bw,2,6,1.3414723000023514,-4.68213122712422
170,random_only,2,6,0.00044329999946057796,-23.61255815402413
171,ga_only,2,6,1.488553100032732,-8.38378287567573
172,bw_only,3,6,0.0008508000173605978,-1.3862943611198906
173,ga_and_bw,3,6,1.388861800020095,-1.3862943611198904
174,random_only,3,6,0.0012543000048026443,-10.444636530930126
175,ga_only,3,6,1.3785403000074439,-3.958754051645044
176,bw_only,4,6,0.0015295000048354268,-2.4327906487188127
177,ga_and_bw,4,6,1.4108116999850608,-1.9095425048844386
178,random_only,4,6,0.0005109999910928309,-11.113396359006877
179,ga_only,4,6,1.4104299999889918,-4.583158828366264
180,bw_only,5,6,0.00110959995072335,4.440892098500628e-16
181,ga_and_bw,5,6,1.3963564000441693,-6.661338147750938e-16
182,random_only,5,6,0.00039220001781359315,-10.910239644979715
183,ga_only,5,6,1.4054150999872945,-1.4037921863100447
184,bw_only,6,6,0.001045099983457476,-4.512950306074411
185,ga_and_bw,6,6,1.4230379000073299,-3.9892807079559804
186,random_only,6,6,0.0004007000243291259,-14.995731283687315
187,ga_only,6,6,1.4529673000215553,-7.727078958510843
188,bw_only,7,6,0.001173799973912537,-4.682131227124222
189,ga_and_bw,7,6,1.4688172999885865,-4.68213122712422
190,random_only,7,6,0.0004469000268727541,-18.55385916130388
191,ga_only,7,6,1.4568299999809824,-8.64864496786566
192,bw_only,8,6,0.0008443999686278403,7.395570986446986e-32
193,ga_and_bw,8,6,1.3691971999942325,0.0
194,random_only,8,6,0.00042290001874789596,-6.3365921051941125
195,ga_only,8,6,1.4161250999895856,-1.6927778820553658
196,bw_only,9,6,0.001194500015117228,-11.613603032723672
197,ga_and_bw,9,6,1.4573782999650575,-8.841014316264623
198,random_only,9,6,0.0006124000065028667,-36.130095302866444
199,ga_only,9,6,1.3644689000211656,-12.46896371164476
200,bw_only,0,7,0.0010220999829471111,0.0
201,ga_and_bw,0,7,1.4489205999998376,7.395570986446986e-32
202,random_only,0,7,0.00045279995538294315,-12.523476885781172
203,ga_only,0,7,1.460137800022494,-5.099661922296587
204,bw_only,1,7,0.001024700002744794,-1.3862943612467242
205,ga_and_bw,1,7,1.4245507000014186,-1.386294361137199
206,random_only,1,7,0.0006829000194557011,-8.42282860636717
207,ga_only,1,7,1.4060940999770537,-3.032913720121517
208,bw_only,2,7,0.001106100040487945,-5.545177444479564
209,ga_and_bw,2,7,1.4924961000215262,-5.545177444479562
210,random_only,2,7,0.00048620003508403897,-20.15261803051758
211,ga_only,2,7,1.486981200054288,-7.192393097873248
212,bw_only,3,7,0.0007038000039756298,-3.295836866004329
213,ga_and_bw,3,7,1.4354914000141434,-1.3862943611198906
214,random_only,3,7,0.0006587999523617327,-9.684825616258582
215,ga_only,3,7,1.4558041999698617,-3.5640190405776067
216,bw_only,4,7,0.0010898999753408134,0.0
217,ga_and_bw,4,7,1.367158000008203,0.0
218,random_only,4,7,0.00043160002678632736,-10.182398568843304
219,ga_only,4,7,1.4483632000046782,-3.5138234958826065
220,bw_only,5,7,0.0009545999928377569,0.0
221,ga_and_bw,5,7,1.442957799998112,-2.2204460492503106e-16
222,random_only,5,7,0.002409400010947138,-13.68789150801252
223,ga_only,5,7,1.4390691999578848,-1.8775792267726799
224,bw_only,6,7,0.0010164000559598207,-4.630093880750773
225,ga_and_bw,6,7,1.492256700003054,-2.7725887222397816
226,random_only,6,7,0.00043840002035722136,-12.729051474207582
227,ga_only,6,7,1.4551405999809504,-7.62214937934456
228,bw_only,7,7,0.0011656000278890133,-4.682254773819332
229,ga_and_bw,7,7,1.4658315000124276,-3.8190850097688775
230,random_only,7,7,0.0004295000107958913,-21.66513894631028
231,ga_only,7,7,1.4475455000065267,-8.11037352881327
232,bw_only,8,7,0.0010827999794855714,-2.220446049250312e-16
233,ga_and_bw,8,7,1.4193422000389546,0.0
234,random_only,8,7,0.000361700018402189,-5.342220879358152
235,ga_only,8,7,1.409796499996446,-2.428159680692027
236,bw_only,9,7,0.0016206000000238419,-9.70406056113732
237,ga_and_bw,9,7,1.5936504999990575,-6.4082236618349055
238,random_only,9,7,0.000501000031363219,-29.43060482024471
239,ga_only,9,7,1.5362961000064388,-12.159954628089013
240,bw_only,0,8,0.0010858000023290515,-1.3862943611198906
241,ga_and_bw,0,8,1.4128034999594092,0.0
242,random_only,0,8,0.0003766000154428184,-10.98370300032774
243,ga_only,0,8,1.49645530001726,-4.687085919598665
244,bw_only,1,8,0.0009812000207602978,-1.9095425058989703
245,ga_and_bw,1,8,1.4413220999995247,-1.3862943611198917
246,random_only,1,8,0.0003554000286385417,-7.55051914668723
247,ga_only,1,8,1.460788699972909,-3.1343320899512808
248,bw_only,2,8,0.0011705000069923699,-4.682131392667987
249,ga_and_bw,2,8,1.4814692999934778,-3.295836866004329
250,random_only,2,8,0.0005379999638535082,-19.80646628415465
251,ga_only,2,8,1.519199300033506,-7.767823663940208
252,bw_only,3,8,0.001366299984510988,-3.295836866004329
253,ga_and_bw,3,8,1.3855000999756157,-1.3862943611198906
254,random_only,3,8,0.00039409997407346964,-9.686463682305297
255,ga_only,3,8,1.4360759999835864,-3.5783774474762478
256,bw_only,4,8,0.0009658999624662101,-1.3862943611198906
257,ga_and_bw,4,8,1.5127667000051588,-1.216395324324494
258,random_only,4,8,0.00035149999894201756,-12.925030796264158
259,ga_only,4,8,1.3845536000444554,-4.053993551960828
260,bw_only,5,8,0.0010520999785512686,-2.220446049250312e-16
261,ga_and_bw,5,8,1.4763787999982014,1.9721522630525295e-31
262,random_only,5,8,0.00039270002162083983,-10.596927955069987
263,ga_only,5,8,1.459124699991662,-1.6220967859688535
264,bw_only,6,8,0.0014332000282593071,-4.1894676556577615
265,ga_and_bw,6,8,1.4771077000186779,-3.988984046564529
266,random_only,6,8,0.0003608999541029334,-15.482796106556119
267,ga_only,6,8,1.4972138999728486,-7.757335141475542
268,bw_only,7,8,0.001281099976040423,-3.8190850097688767
269,ga_and_bw,7,8,1.5124783999635838,-3.2958368660043402
270,random_only,7,8,0.00040310004260390997,-22.42296049512755
271,ga_only,7,8,1.6171980000217445,-9.242681250186303
272,bw_only,8,8,0.0010659000254236162,0.0
273,ga_and_bw,8,8,1.5606677000178024,-2.2204460492503128e-16
274,random_only,8,8,0.0004981000092811882,-7.259973810684671
275,ga_only,8,8,1.547808500006795,-1.767927166534816
276,bw_only,9,8,0.0011830999865196645,-6.408223661835784
277,ga_and_bw,9,8,1.5332659999839962,-6.931471805599453
278,random_only,9,8,0.0004694000235758722,-29.39542837415921
279,ga_only,9,8,1.5037345999735408,-11.769641281999647
280,bw_only,0,9,0.0010833999840542674,-1.3862943611198906
281,ga_and_bw,0,9,1.6269530999707058,-1.3862943611198906
282,random_only,0,9,0.0005102999857626855,-11.361846385694314
283,ga_only,0,9,1.5548009000485763,-4.906663946505179
284,bw_only,1,9,0.0012713000178337097,-1.3863187760649942
285,ga_and_bw,1,9,1.474599200009834,-3.774758283725524e-15
286,random_only,1,9,0.00042860000394284725,-6.730154765725268
287,ga_only,1,9,1.4801822999725118,-3.275245934447732
288,bw_only,2,9,0.0013378000003285706,-5.545177444479562
289,ga_and_bw,2,9,1.6200685999938287,-4.151732311615909
290,random_only,2,9,0.000569300027564168,-17.672550835593327
291,ga_only,2,9,1.6162250000052154,-8.117271293685938
292,bw_only,3,9,0.0007326999912038445,-1.3862943611198906
293,ga_and_bw,3,9,1.525942100037355,-1.3862943611198906
294,random_only,3,9,0.0004667000030167401,-11.549835150666187
295,ga_only,3,9,1.4696736999903806,-4.1228159280285475
296,bw_only,4,9,0.0011304999934509397,7.395570986446986e-32
297,ga_and_bw,4,9,1.5559720000019297,0.0
298,random_only,4,9,0.0005713000427931547,-12.885849489636437
299,ga_only,4,9,1.6097015999839641,-4.023391929068585
300,bw_only,5,9,0.0011482000118121505,-2.220446049250312e-16
301,ga_and_bw,5,9,1.4544113000156358,6.661338147750941e-16
302,random_only,5,9,0.0004932999727316201,-11.33937680150263
303,ga_only,5,9,1.5880928999977186,-1.8162718486321745
304,bw_only,6,9,0.0013896000455133617,-3.2960860219243746
305,ga_and_bw,6,9,1.560152799997013,-1.387874215789661
306,random_only,6,9,0.0005000000237487257,-14.864883504837131
307,ga_only,6,9,1.544990600028541,-7.679667294070363
308,bw_only,7,9,0.0013013000134378672,-1.3862943611200245
309,ga_and_bw,7,9,1.630741000000853,-1.3862943611198906
310,random_only,7,9,0.0004825000069104135,-18.218352387960298
311,ga_only,7,9,1.5678945000399835,-8.572098044345049
312,bw_only,8,9,0.000998100033029914,-1.6739776909663704
313,ga_and_bw,8,9,1.4725296000251547,1.4791141972893971e-31
314,random_only,8,9,0.0006913999677635729,-5.591478840381741
315,ga_only,8,9,1.490137400047388,-1.6372332721799492
316,bw_only,9,9,0.0014111000346019864,-11.412249020934256
317,ga_and_bw,9,9,1.6226556999608874,-4.1588830833596715
318,random_only,9,9,0.0009207999682985246,-36.286224865389805
319,ga_only,9,9,1.6944866999983788,-12.837722879595102
320,bw_only,0,10,0.002614900004118681,0.0
321,ga_and_bw,0,10,1.690564099990297,7.395570986446986e-32
322,random_only,0,10,0.0005959999980404973,-16.005479660392645
323,ga_only,0,10,1.7617180999950506,-4.76306026591062
324,bw_only,1,10,0.0013448999961838126,-1.386359384659587
325,ga_and_bw,1,10,1.6401880999910645,7.395570986446986e-32
326,random_only,1,10,0.0017529000178910792,-7.157425126375996
327,ga_only,1,10,1.5935585999977775,-3.3612140298749664
328,bw_only,2,10,0.0014439999940805137,-3.295836866004329
329,ga_and_bw,2,10,1.7212716999929398,-3.295836866004329
330,random_only,2,10,0.0005731999990530312,-22.23646600430168
331,ga_only,2,10,1.7222999999648891,-8.692449751681426
332,bw_only,3,10,0.0013663999852724373,-1.3862943611198906
333,ga_and_bw,3,10,1.6496747999917716,-1.3862943611198901
334,random_only,3,10,0.00048370001604780555,-7.708859625460182
335,ga_only,3,10,1.6402247999794781,-3.983572863009945
336,bw_only,4,10,0.0012855000095441937,-2.2204460492503128e-16
337,ga_and_bw,4,10,1.606713299988769,0.0
338,random_only,4,10,0.0005634999834001064,-15.192867401448659
339,ga_only,4,10,1.8949293000041507,-4.197648701410974
340,bw_only,5,10,0.0016135000041685998,1.9721522630525295e-31
341,ga_and_bw,5,10,1.7427886999794282,4.440892098500627e-16
342,random_only,5,10,0.0005458000232465565,-10.613592840524465
343,ga_only,5,10,1.6833326000487432,-1.6527442525459066
344,bw_only,6,10,0.0014882999821566045,-2.7725887222399073
345,ga_and_bw,6,10,1.6973589999834076,-1.2163953243245813
346,random_only,6,10,0.0004870999837294221,-13.529222331338259
347,ga_only,6,10,1.7023458000039682,-7.214216491062885
348,bw_only,7,10,0.0018118000007234514,-3.2958577869187895
349,ga_and_bw,7,10,1.6648568999953568,-1.3862943611199743
350,random_only,7,10,0.0005885999999009073,-29.861266586380722
351,ga_only,7,10,1.6517862000036985,-8.950340322869609
352,bw_only,8,10,0.0023845999967306852,2.2204460492503136e-16
353,ga_and_bw,8,10,1.5495037999935448,2.9582283945787943e-31
354,random_only,8,10,0.001098100037779659,-5.921347510908311
355,ga_only,8,10,1.5487273000180721,-1.763800868828703
356,bw_only,9,10,0.0010729000205174088,-9.295040985206485
357,ga_and_bw,9,10,1.7353283999837004,-2.772588722239781
358,random_only,9,10,0.0005721999914385378,-38.33722626778816
359,ga_only,9,10,1.6685981000191532,-12.257592173953364
360,bw_only,0,11,0.0014108999748714268,-1.3862943611198906
361,ga_and_bw,0,11,1.6757913999608718,1.4791141972893971e-31
362,random_only,0,11,0.00063109997427091,-23.164190088997373
363,ga_only,0,11,1.6995729000191204,-4.700616691346202
364,bw_only,1,11,0.0015780000248923898,-1.3863197953142528
365,ga_and_bw,1,11,1.6335956999682821,-2.2204460492503128e-16
366,random_only,1,11,0.000526999996509403,-7.444662101951568
367,ga_only,1,11,1.7126923999749124,-3.337594266527909
368,bw_only,2,11,0.0017105999868363142,-3.2958368660043296
369,ga_and_bw,2,11,1.7556127000134438,-1.3862943611198906
370,random_only,2,11,0.0010631000041030347,-18.89525362558495
371,ga_only,2,11,1.7631918999832124,-8.966793773280251
372,bw_only,3,11,0.001400899956934154,-1.3862890954910232
373,ga_and_bw,3,11,1.6660603999625891,-1.3862943611198908
374,random_only,3,11,0.0006280000088736415,-10.550401538219885
375,ga_only,3,11,1.6632554999669082,-3.899770845952008
376,bw_only,4,11,0.0014438999933190644,-1.984259422518361e-09
377,ga_and_bw,4,11,1.704702399962116,7.395570986446986e-32
378,random_only,4,11,0.0005955999949947,-11.644394640761712
379,ga_only,4,11,1.6763703000033274,-4.065136190376203
380,bw_only,5,11,0.0019361000158824027,4.440892098500627e-16
381,ga_and_bw,5,11,1.6712302999803796,-6.661338147750936e-16
382,random_only,5,11,0.0006349999457597733,-11.570403605904389
383,ga_only,5,11,1.6786766999866813,-2.3078606296153845
384,bw_only,6,11,0.0018914000247605145,-1.909542504887044
385,ga_and_bw,6,11,1.7323698999825865,-1.9071995508470452
386,random_only,6,11,0.0006063999608159065,-15.513351045083212
387,ga_only,6,11,1.6915185000398196,-7.280244491024702
388,bw_only,7,11,0.003319599956739694,-3.8190850098000895
389,ga_and_bw,7,11,1.7567960999440402,-1.3862943624931614
390,random_only,7,11,0.0007302999729290605,-27.176383530850632
391,ga_only,7,11,1.7335741000133567,-8.621430390316236
392,bw_only,8,11,0.0013937000185251236,7.395570986446986e-32
393,ga_and_bw,8,11,1.6730605000047944,-2.2204460492503114e-16
394,random_only,8,11,0.0005291000124998391,-6.415286940113212
395,ga_only,8,11,1.6264841999509372,-1.3655195386325376
396,bw_only,9,11,0.003431199991609901,-2.772588722239781
397,ga_and_bw,9,11,1.8412590000079945,-5.021929300715015
398,random_only,9,11,0.0006820999551564455,-28.18024164395866
399,ga_only,9,11,1.774849500041455,-12.423755397147529
400,bw_only,0,12,0.0015300000086426735,-2.249340578475233
401,ga_and_bw,0,12,1.9307263999944553,-1.3862943611198906
402,random_only,0,12,0.0006829999620094895,-15.363710838965655
403,ga_only,0,12,1.8158407000009902,-4.97641972269498
404,bw_only,1,12,0.0017278000013902783,-4.946354430985121e-09
405,ga_and_bw,1,12,1.715437099977862,-1.385761540769432
406,random_only,1,12,0.0006329999887384474,-6.749334695795427
407,ga_only,1,12,1.7665428000036627,-2.920955367641545
408,bw_only,2,12,0.0018804999999701977,-10.567106745194579
409,ga_and_bw,2,12,1.901273700001184,-1.3862943611198906
410,random_only,2,12,0.000645300024189055,-21.084180045413355
411,ga_only,2,12,1.8824508999823593,-8.084727587792266
412,bw_only,3,12,0.0016121999942697585,-1.3862943611198908
413,ga_and_bw,3,12,1.8018103999784216,0.0
414,random_only,3,12,0.0006711999885737896,-7.856997629337108
415,ga_only,3,12,1.8660317999892868,-3.8352041318958214
416,bw_only,4,12,0.0016058000037446618,-2.220446049250312e-16
417,ga_and_bw,4,12,1.8481763000017963,-4.4408920985006257e-16
418,random_only,4,12,0.0006498000002466142,-14.838389050682206
419,ga_only,4,12,1.7964673999813385,-4.561372133479782
420,bw_only,5,12,0.002082299964968115,0.0
421,ga_and_bw,5,12,1.7501696999534033,-2.2204460492503106e-16
422,random_only,5,12,0.0007123000104911625,-12.182152455399846
423,ga_only,5,12,1.8007351999985985,-2.0326495982507122
424,bw_only,6,12,0.0019339000573381782,-3.2958369012358526
425,ga_and_bw,6,12,1.8010633999947459,-3.2529534621511917e-13
426,random_only,6,12,0.000651500013191253,-16.750407790189183
427,ga_only,6,12,1.8429575000191107,-7.657228885097297
428,bw_only,7,12,0.0019757000263780355,-8.468924846949077e-08
429,ga_and_bw,7,12,1.825186699978076,-1.3862943611198906
430,random_only,7,12,0.0007921000360511243,-21.757739808026237
431,ga_only,7,12,1.84910160000436,-9.221307405590073
432,bw_only,8,12,0.0015963000478222966,-1.6266467853894537
433,ga_and_bw,8,12,1.8303351000067778,-4.440892098500624e-16
434,random_only,8,12,0.0006891000084578991,-5.98654200752863
435,ga_only,8,12,1.7566635999828577,-1.5423857543816164
436,bw_only,9,12,0.0020704000489786267,-7.977968093128685
437,ga_and_bw,9,12,1.9258845999720506,-2.772588722239781
438,random_only,9,12,0.0007408999954350293,-42.250556625523735
439,ga_only,9,12,1.9292494000401348,-13.703738961713851
440,bw_only,0,13,0.0017127000028267503,0.0
441,ga_and_bw,0,13,1.9644204000360332,2.2186712959340957e-31
442,random_only,0,13,0.0007478999905288219,-15.053586593743276
443,ga_only,0,13,1.8917536999797449,-4.099100786317511
444,bw_only,1,13,0.003947699966374785,-1.3862943643083194
445,ga_and_bw,1,13,1.9554380999761634,-1.3862943611199021
446,random_only,1,13,0.0006797999958507717,-8.05388027798483
447,ga_only,1,13,1.877036899968516,-3.416114078450143
448,bw_only,2,13,0.0021647000103257596,-1.3862943611198906
449,ga_and_bw,2,13,1.998165400000289,-3.2958369695888345
450,random_only,2,13,0.0007594000198878348,-18.6323951341818
451,ga_only,2,13,1.9388259000261314,-9.291046085396847
452,bw_only,3,13,0.0012237999471835792,-1.3862943611198908
453,ga_and_bw,3,13,1.9197375000221655,-1.2888101824823783
454,random_only,3,13,0.0011116999667137861,-8.537141772821126
455,ga_only,3,13,1.7878648999612778,-3.9253311784722107
456,bw_only,4,13,0.0018434000085107982,-1.2163953243304606
457,ga_and_bw,4,13,2.253985700022895,7.395570986446986e-32
458,random_only,4,13,0.0007612000335939229,-10.03003006466883
459,ga_only,4,13,2.030366499966476,-4.274424760439301
460,bw_only,5,13,0.001659700006712228,-4.4408920985006237e-16
461,ga_and_bw,5,13,2.1265884999884292,-2.2204460492503114e-16
462,random_only,5,13,0.0007696999819017947,-10.136205128583303
463,ga_only,5,13,1.9427058000001125,-1.8984566503226366
464,bw_only,6,13,0.0021913000382483006,-2.772588722239781
465,ga_and_bw,6,13,2.0157678999821655,-1.9095317448633533
466,random_only,6,13,0.0007437000167556107,-14.562469623465404
467,ga_only,6,13,1.9332001999719068,-8.262090471151405
468,bw_only,7,13,0.002098899974953383,-3.295836866004422
469,ga_and_bw,7,13,1.954133199993521,-2.2204460492503128e-16
470,random_only,7,13,0.0007948999991640449,-16.94100744639301
471,ga_only,7,13,1.9453350999974646,-9.430424781216576
472,bw_only,8,13,0.0016055000014603138,0.0
473,ga_and_bw,8,13,1.9084052999969572,2.220446049250315e-16
474,random_only,8,13,0.0006777999806217849,-5.830536714130256
475,ga_only,8,13,1.9036333999829367,-2.1512117078359174
476,bw_only,9,13,0.002154499990865588,-6.068425588244111
477,ga_and_bw,9,13,2.060054300003685,-1.3862943611198906
478,random_only,9,13,0.0008723000064492226,-38.51677049011367
479,ga_only,9,13,1.9702212999691255,-12.611249462475032
480,bw_only,0,14,0.001874400011729449,-2.249340578475233
481,ga_and_bw,0,14,2.0795354999718256,0.0
482,random_only,0,14,0.0009407000034116209,-13.554824081253255
483,ga_only,0,14,2.0169943000073545,-4.613997879152021
484,bw_only,1,14,0.0025799000286497176,-1.3863612046737253
485,ga_and_bw,1,14,1.9213584000244737,7.395570986446986e-32
486,random_only,1,14,0.0008352000149898231,-7.531944240746412
487,ga_only,1,14,1.9641121999593452,-3.4075680483737183
488,bw_only,2,14,0.0025985000538639724,-3.2958567802558556
489,ga_and_bw,2,14,2.067740800033789,-1.3862943611198906
490,random_only,2,14,0.0009530999814160168,-21.093595655995962
491,ga_only,2,14,2.0938678000238724,-7.306348491713004
492,bw_only,3,14,0.002016899990849197,-1.3862943611198906
493,ga_and_bw,3,14,1.9969083999749273,-1.3862943128869767
494,random_only,3,14,0.0008251999970525503,-8.617403432610168
495,ga_only,3,14,2.080429399968125,-3.796969572186454
496,bw_only,4,14,0.0019419000018388033,-1.2163956154510247
497,ga_and_bw,4,14,1.9832713000359945,0.0
498,random_only,4,14,0.0008712999988347292,-11.270368095114847
499,ga_only,4,14,1.9623494999832474,-4.3809404329681865
500,bw_only,5,14,0.002014799974858761,-2.22044604925031e-16
501,ga_and_bw,5,14,2.006701999984216,1.4791141972893971e-31
502,random_only,5,14,0.0008002000395208597,-15.87711726731313
503,ga_only,5,14,2.021570800046902,-1.771200243074569
504,bw_only,6,14,0.002314099983777851,-1.9095425048845256
505,ga_and_bw,6,14,1.9940087999566458,-1.3862970310134344
506,random_only,6,14,0.0009127000230364501,-15.100828522511385
507,ga_only,6,14,1.9676796999992803,-8.496672161676264
508,bw_only,7,14,0.03384709998499602,-1.3862943615411336
509,ga_and_bw,7,14,1.9642859000014141,-1.3862943611592264
510,random_only,7,14,0.0011227999930270016,-18.940778955528387
511,ga_only,7,14,2.1292083999724127,-10.085754556178582
512,bw_only,8,14,0.0018776000360958278,-1.1507418685003235
513,ga_and_bw,8,14,1.9541018000454642,1.232595164407831e-31
514,random_only,8,14,0.0007235999801196158,-7.151543526037842
515,ga_only,8,14,1.9426760000060312,-2.0552383749471814
516,bw_only,9,14,0.0026023999671451747,-5.205379370888777
517,ga_and_bw,9,14,2.1630710000172257,-2.772588722239781
518,random_only,9,14,0.0009761999826878309,-27.463817448781445
519,ga_only,9,14,2.1738349000224844,-13.387858563825366
520,bw_only,0,15,0.003948099969420582,1.4791141972893971e-31
521,ga_and_bw,0,15,2.167793900007382,2.2204460492503136e-16
522,random_only,0,15,0.0009919999865815043,-15.565590068976093
523,ga_only,0,15,2.1717677999986336,-5.170366900678474
524,bw_only,1,15,0.0027815999928861856,-1.386294602223327
525,ga_and_bw,1,15,2.0132823000312783,-1.196820420545873e-13
526,random_only,1,15,0.001997100014705211,-8.76305620350773
527,ga_only,1,15,2.0696026000077836,-3.2384724850755147
528,bw_only,2,15,0.002471399959176779,-3.295087854239841
529,ga_and_bw,2,15,2.2445089000393637,-1.3862943611198906
530,random_only,2,15,0.0009343999554403126,-20.427984893960137
531,ga_only,2,15,2.3076389000052586,-10.393750065992805
532,bw_only,3,15,0.0014147000038065016,-2.158137482840275
533,ga_and_bw,3,15,2.0573557000025176,-4.4408920985006257e-16
534,random_only,3,15,0.000900499988347292,-10.101760655665382
535,ga_only,3,15,2.107511499954853,-4.0201492522638835
536,bw_only,4,15,0.0048599999863654375,7.395570986446986e-32
537,ga_and_bw,4,15,2.117788500036113,-4.4408920985006247e-16
538,random_only,4,15,0.000951400026679039,-10.732598131354935
539,ga_only,4,15,2.0832974000368267,-4.667762108039979
540,bw_only,5,15,0.0021541000460274518,-2.2204460492503114e-16
541,ga_and_bw,5,15,2.070150499988813,6.661338147750941e-16
542,random_only,5,15,0.0008551999926567078,-10.07901232193495
543,ga_only,5,15,2.1061763999750838,-2.291913821118784
544,bw_only,6,15,0.0025972999865189195,-1.2171897092011104
545,ga_and_bw,6,15,2.1516820999677293,-1.9093284285802667
546,random_only,6,15,0.0009774999925866723,-13.296404393521131
547,ga_only,6,15,2.1114019000087865,-7.765041552834601
548,bw_only,7,15,0.002640100021380931,-3.295836866004336
549,ga_and_bw,7,15,2.185148999968078,0.0
550,random_only,7,15,0.0008779999916441739,-23.74154680392646
551,ga_only,7,15,2.2083868999616243,-9.322537436787758
552,bw_only,8,15,0.00196020002476871,-2.2204460492503116e-16
553,ga_and_bw,8,15,2.046325800009072,-2.22044604925031e-16
554,random_only,8,15,0.0008019999950192869,-5.840824975575241
555,ga_only,8,15,2.0508534000255167,-1.8372404865179022
556,bw_only,9,15,0.0028445000061765313,-7.97796809312855
557,ga_and_bw,9,15,2.313903799979016,0.0
558,random_only,9,15,0.0011260000173933804,-29.698463058282023
559,ga_only,9,15,2.3289195999968797,-12.484681287176462
560,bw_only,0,16,0.0027021000278182328,-2.249340578475233
561,ga_and_bw,0,16,2.338547900028061,2.2204460492503136e-16
562,random_only,0,16,0.00247709994437173,-12.344408382083897
563,ga_only,0,16,2.3514970999676734,-5.639688122217025
564,bw_only,1,16,0.0028915999573655427,-1.3862943616026095
565,ga_and_bw,1,16,2.1561280000023544,-6.217248937900858e-15
566,random_only,1,16,0.0020320999901741743,-9.840980413870765
567,ga_only,1,16,2.1901636000256985,-3.5166337894312227
568,bw_only,2,16,0.0028449000092223287,-6.068432522051726
569,ga_and_bw,2,16,2.36701320001157,-1.38629436111989
570,random_only,2,16,0.00150830001803115,-18.831601765668502
571,ga_only,2,16,2.377427000028547,-8.74188980522259
572,bw_only,3,16,0.0016240000259131193,-1.9095272138067778
573,ga_and_bw,3,16,2.1838711999589577,-2.2204460492503128e-16
574,random_only,3,16,0.0013009999529458582,-13.13426484211781
575,ga_only,3,16,2.2629404999897815,-3.8611384616146225
576,bw_only,4,16,0.003696999978274107,-2.220446049250312e-16
577,ga_and_bw,4,16,2.2698670999961905,-2.220446049250312e-16
578,random_only,4,16,0.0010409000096842647,-11.303188491097389
579,ga_only,4,16,2.2488310000044294,-4.361059604088179
580,bw_only,5,16,0.002427700033877045,-1.1102230246251561e-15
581,ga_and_bw,5,16,2.2514646999770775,-4.440892098500625e-16
582,random_only,5,16,0.0009772999910637736,-11.05322001743699
583,ga_only,5,16,2.2236145000206307,-2.0949786320118946
584,bw_only,6,16,0.003003799996804446,-3.295836866004716
585,ga_and_bw,6,16,2.3267965999548323,-1.3868485121621565
586,random_only,6,16,0.0009540999890305102,-14.383367789999847
587,ga_only,6,16,2.382526300032623,-7.32052622178154
588,bw_only,7,16,0.0030740000074729323,-3.295836866004329
589,ga_and_bw,7,16,2.4163263999507762,7.395570986446986e-32
590,random_only,7,16,0.0010205000289715827,-19.369011155693993
591,ga_only,7,16,2.458539200015366,-8.671273212908758
592,bw_only,8,16,0.0022690999903716147,4.440892098500628e-16
593,ga_and_bw,8,16,2.218075199984014,-2.2204460492503116e-16
594,random_only,8,16,0.0009888000204227865,-6.237545612597508
595,ga_only,8,16,2.2015648999949917,-1.8699082805860152
596,bw_only,9,16,0.003140099986921996,-1.3862943611198906
597,ga_and_bw,9,16,2.441052599984687,0.0
598,random_only,9,16,0.0012273999745957553,-42.874280487439314
599,ga_only,9,16,2.365105700038839,-14.349578216373779
600,bw_only,0,17,0.002580599975772202,-2.220446049250312e-16
601,ga_and_bw,0,17,2.447444399993401,2.220446049250315e-16
602,random_only,0,17,0.0012119999737478793,-12.712030819767811
603,ga_only,0,17,2.434705200023018,-5.451809227669161
604,bw_only,1,17,0.004343000007793307,-1.386297671026612
605,ga_and_bw,1,17,2.3398673000046983,-1.1996319566114487e-06
606,random_only,1,17,0.0011545000015757978,-11.225715803843618
607,ga_only,1,17,2.3671168999862857,-3.8741610361343177
608,bw_only,2,17,0.004004299989901483,-5.54517744605379
609,ga_and_bw,2,17,2.6017233000020497,7.395570986446986e-32
610,random_only,2,17,0.0023888000287115574,-21.470764734497827
611,ga_only,2,17,2.4754267000244,-10.400230567822014
612,bw_only,3,17,0.0038459000061266124,-3.295836866015155
613,ga_and_bw,3,17,2.3184157999930903,-1.3917115984599154e-05
614,random_only,3,17,0.0011839999933727086,-8.877607822645384
615,ga_only,3,17,2.4089765999815427,-4.100864366501327
616,bw_only,4,17,0.004277899977751076,1.4791141972893971e-31
617,ga_and_bw,4,17,2.448794000025373,-4.440892098500624e-16
618,random_only,4,17,0.0011581999715417624,-14.466330050968285
619,ga_only,4,17,2.3937520000035875,-4.79934501432562
620,bw_only,5,17,0.0031220000237226486,-4.440892098500621e-16
621,ga_and_bw,5,17,2.400356700003613,-6.661338147750938e-16
622,random_only,5,17,0.0011952000204473734,-11.221850780330406
623,ga_only,5,17,2.4654256000067107,-1.899400189892674
624,bw_only,6,17,0.0034174000029452145,-1.3878320264471178
625,ga_and_bw,6,17,2.3830796999973245,-1.9095425048844386
626,random_only,6,17,0.0011513999779708683,-18.40345664024733
627,ga_only,6,17,2.3755031999899074,-7.8874757046376684
628,bw_only,7,17,0.0032819000189192593,-1.386294361119892
629,ga_and_bw,7,17,2.5017657999997027,0.0
630,random_only,7,17,0.0011261000181548297,-23.06223607858669
631,ga_only,7,17,2.515936599986162,-10.152148904785262
632,bw_only,8,17,0.002504899981431663,1.232595164407831e-31
633,ga_and_bw,8,17,2.3264935000333935,6.661338147750941e-16
634,random_only,8,17,0.001123199996072799,-6.858914459703021
635,ga_only,8,17,2.432980200042948,-1.5782924399256664
636,bw_only,9,17,0.0021000999840907753,-1.9991659896583833
637,ga_and_bw,9,17,2.7117225999827497,-2.772588722239781
638,random_only,9,17,0.0013015000149607658,-28.09631586469115
639,ga_only,9,17,2.808191900025122,-13.286007087343922
640,bw_only,0,18,0.003118199994787574,-2.7725887222398007
641,ga_and_bw,0,18,2.651764699956402,-2.220446049250312e-16
642,random_only,0,18,0.001313099986873567,-12.065794464578373
643,ga_only,0,18,2.596415500040166,-5.310857358235071
644,bw_only,1,18,0.003073900006711483,-6.661338147750937e-16
645,ga_and_bw,1,18,2.4933984999661334,-2.220446049250312e-16
646,random_only,1,18,0.0011432000319473445,-7.427281131433201
647,ga_only,1,18,2.491353599994909,-3.9135737189838635
648,bw_only,2,18,0.004385999985970557,7.395570986446986e-32
649,ga_and_bw,2,18,2.697054299991578,-1.3861167853443463
650,random_only,2,18,0.002068999980110675,-18.100057726549526
651,ga_only,2,18,2.6872461999882944,-8.528006421634194
652,bw_only,3,18,0.002681999991182238,-1.3862939493417519
653,ga_and_bw,3,18,2.5422662000055425,7.395570986446986e-32
654,random_only,3,18,0.001367799995932728,-10.469027159398912
655,ga_only,3,18,2.566341499972623,-3.966159980619196
656,bw_only,4,18,0.002918299986049533,7.395570986446986e-32
657,ga_and_bw,4,18,2.534568900009617,-1.9095425048844386
658,random_only,4,18,0.0012165000080130994,-12.030106683100025
659,ga_only,4,18,2.5376781999948435,-4.885737979738836
660,bw_only,5,18,0.002917699981480837,7.395570986446986e-32
661,ga_and_bw,5,18,2.499794400006067,-1.3322676295501877e-15
662,random_only,5,18,0.001319299975875765,-10.99067425835794
663,ga_only,5,18,2.504237200017087,-2.324217047652785
664,bw_only,6,18,0.00487439997959882,-2.397552176755084
665,ga_and_bw,6,18,2.6038008999894373,-1.9095425048844383
666,random_only,6,18,0.0011932000052183867,-17.708235155627694
667,ga_only,6,18,2.593368300003931,-8.3938975578274
668,bw_only,7,18,0.004021699947770685,-1.9095425048844457
669,ga_and_bw,7,18,2.6153268000343814,1.232595164407831e-31
670,random_only,7,18,0.0012695000041276217,-17.52362517341747
671,ga_only,7,18,2.708669000014197,-9.786119656966148
672,bw_only,8,18,0.0035721000167541206,0.0
673,ga_and_bw,8,18,2.667074400000274,1.232595164407831e-31
674,random_only,8,18,0.0011946000158786774,-5.7917206642886665
675,ga_only,8,18,2.4647720999782905,-2.013278842049358
676,bw_only,9,18,0.003633500018622726,-5.205379370888767
677,ga_and_bw,9,18,2.8443033000221476,-1.77215754620176
678,random_only,9,18,0.0014313000137917697,-26.962256952527603
679,ga_only,9,18,2.786366000014823,-14.288757444190225
680,bw_only,0,19,0.00666730001103133,-2.772588722239781
681,ga_and_bw,0,19,2.8541900000418536,-2.220446049250312e-16
682,random_only,0,19,0.0015130999963730574,-12.843784518325524
683,ga_only,0,19,2.7898273000027984,-5.2558755009914515
684,bw_only,1,19,0.0038346999790519476,-6.337530500256495e-11
685,ga_and_bw,1,19,2.62238899996737,-4.440892098500625e-16
686,random_only,1,19,0.001283499994315207,-7.162933775358444
687,ga_only,1,19,2.6550923999748193,-3.0355321137134514
688,bw_only,2,19,0.003736099984962493,-1.2290523106039037
689,ga_and_bw,2,19,2.8715382000082172,-0.0006424752016830047
690,random_only,2,19,0.0027467000181786716,-19.96920502279801
691,ga_only,2,19,2.902247600024566,-7.795523956330955
692,bw_only,3,19,0.0022721999557688832,-1.3862943611198908
693,ga_and_bw,3,19,2.6453284999588504,-8.703704423661992e-11
694,random_only,3,19,0.001687799987848848,-9.361089561031571
695,ga_only,3,19,2.6840549999615178,-4.559341050412167
696,bw_only,4,19,0.0032445999677293003,1.9721522630525295e-31
697,ga_and_bw,4,19,2.690298500005156,-2.2204460492503128e-16
698,random_only,4,19,0.0014454000047408044,-10.872431395497209
699,ga_only,4,19,2.7164510000147857,-4.399299484207014
700,bw_only,5,19,0.0034562000073492527,-2.2204460492503128e-16
701,ga_and_bw,5,19,2.6773757999762893,4.440892098500628e-16
702,random_only,5,19,0.001386999967508018,-11.236947842370505
703,ga_only,5,19,2.755394200037699,-2.574198181103482
704,bw_only,6,19,0.004233999992720783,-1.909542505101242
705,ga_and_bw,6,19,2.6854419999872334,-1.2163953243261918
706,random_only,6,19,0.001449999981559813,-15.02323498291753
707,ga_only,6,19,2.7250000000349246,-8.043663773215226
708,bw_only,7,19,0.005716799991205335,-1.9095425048844386
709,ga_and_bw,7,19,2.8059469000436366,-1.3862943611198941
710,random_only,7,19,0.0014714999706484377,-25.590998539898777
711,ga_only,7,19,2.8096246999921277,-10.844974956800614
712,bw_only,8,19,0.002868700015824288,-1.3862943611198906
713,ga_and_bw,8,19,2.6121956999995746,-2.220446049250311e-16
714,random_only,8,19,0.0017044999985955656,-6.306216013376538
715,ga_only,8,19,2.649357600021176,-2.149305549640576
716,bw_only,9,19,0.004084299958776683,-6.591675294649321
717,ga_and_bw,9,19,2.993963700020686,-2.7725887287489166
718,random_only,9,19,0.001607299956958741,-27.822891204244144
719,ga_only,9,19,2.961972400022205,-14.740179008712401
720,bw_only,0,20,0.0034320999984629452,2.2186712959340957e-31
721,ga_and_bw,0,20,3.0428571000229567,-1.9088683144800658
722,random_only,0,20,0.00276159995701164,-13.716608604704815
723,ga_only,0,20,2.900281400012318,-5.5176660602977545
724,bw_only,1,20,0.0040336999809369445,-1.3862943945643347
725,ga_and_bw,1,20,2.904488299973309,-1.2803891279844645e-10
726,random_only,1,20,0.004018800042103976,-7.041236811857005
727,ga_only,1,20,2.9169637000304647,-3.6064431711579035
728,bw_only,2,20,0.00421520002419129,-3.295836896591343
729,ga_and_bw,2,20,3.153554200020153,-1.3862943611198908
730,random_only,2,20,0.0020237999851815403,-19.464312678256572
731,ga_only,2,20,3.0214199000038207,-9.342898424031086
732,bw_only,3,20,0.003251700021792203,-1.3862943611198906
733,ga_and_bw,3,20,2.9155433000414632,2.220446049250314e-16
734,random_only,3,20,0.0016931999707594514,-7.783992336650756
735,ga_only,3,20,2.838773499999661,-4.936849409609082
736,bw_only,4,20,0.004413500020746142,1.4791141972893971e-31
737,ga_and_bw,4,20,2.9532266999594867,3.2047474274603605e-31
738,random_only,4,20,0.0014481000252999365,-16.459989020573392
739,ga_only,4,20,2.8602485999581404,-4.917102650931741
740,bw_only,5,20,0.0050181999686174095,-6.661338147750935e-16
741,ga_and_bw,5,20,2.937388699967414,-2.220446049250312e-16
742,random_only,5,20,0.0016911000129766762,-13.440482468465808
743,ga_only,5,20,2.9303815999883227,-2.7717973449238142
744,bw_only,6,20,0.005219199985731393,-1.9095425048915886
745,ga_and_bw,6,20,2.8976940999855287,-1.3875291582343527
746,random_only,6,20,0.0022006999934092164,-15.30919226248706
747,ga_only,6,20,2.860461500007659,-8.884299092129691
748,bw_only,7,20,0.00462710001738742,-1.3862943611206948
749,ga_and_bw,7,20,2.980134699959308,-1.6209256159527162e-14
750,random_only,7,20,0.0016728999908082187,-25.282032948787172
751,ga_only,7,20,3.0129340999992564,-10.602724846869089
752,bw_only,8,20,0.0031546999816782773,-2.2204460492503106e-16
753,ga_and_bw,8,20,2.796074499958195,-2.220446049250312e-16
754,random_only,8,20,0.0016589000006206334,-6.581049879515982
755,ga_only,8,20,2.7968635000288486,-2.190919383127427
756,bw_only,9,20,0.0031370999640785158,-4.118773841102557
757,ga_and_bw,9,20,3.059551200014539,-3.8190873492916544
758,random_only,9,20,0.00177800003439188,-38.054039591101386
759,ga_only,9,20,3.1625116000068374,-13.790216914739418
